# t, signal
0.000000000000000000e+00,2.309122734019711132e+01
5.000000000000000278e-02,2.603109003390692777e+01
1.000000000000000056e-01,2.535634386387059180e+01
1.500000000000000222e-01,2.884360161494073083e+01
2.000000000000000111e-01,2.823975259515122360e+01
2.500000000000000000e-01,3.032669482749436440e+01
3.000000000000000444e-01,3.042973984507445451e+01
3.500000000000000333e-01,3.272077798833711171e+01
4.000000000000000222e-01,3.252476108404272281e+01
4.500000000000000111e-01,3.469874883668268239e+01
5.000000000000000000e-01,3.531459610317040188e+01
5.500000000000000444e-01,3.747068911772348798e+01
6.000000000000000888e-01,3.834683674471645531e+01
6.500000000000000222e-01,3.882982238670069108e+01
7.000000000000000666e-01,4.143618624611028167e+01
7.500000000000000000e-01,4.144706207902834905e+01
8.000000000000000444e-01,4.242875800470369541e+01
8.500000000000000888e-01,4.253233451703150791e+01
9.000000000000000222e-01,4.323661215638481536e+01
9.500000000000000666e-01,4.271596779775516950e+01
1.000000000000000000e+00,4.320188959868893619e+01
1.050000000000000044e+00,4.444977856684511863e+01
1.100000000000000089e+00,4.557673721826629532e+01
1.150000000000000133e+00,4.716747457350203376e+01
1.200000000000000178e+00,4.540808497213613748e+01
1.250000000000000000e+00,4.727391021209766109e+01
1.300000000000000044e+00,4.695731921127671882e+01
1.350000000000000089e+00,4.705414768352753185e+01
1.400000000000000133e+00,4.847109286393042993e+01
1.450000000000000178e+00,4.732988084286105845e+01
1.500000000000000000e+00,4.617597182476711026e+01
1.550000000000000044e+00,4.748285403122946491e+01
1.600000000000000089e+00,4.653672875338803294e+01
1.650000000000000133e+00,4.515567407482791396e+01
1.700000000000000178e+00,4.605828266978193142e+01
1.750000000000000000e+00,4.459753186401809444e+01
1.800000000000000044e+00,4.560877816974938526e+01
1.850000000000000089e+00,4.568358335908337153e+01
1.900000000000000133e+00,4.413875850512824428e+01
1.950000000000000178e+00,4.453333850979656461e+01
2.000000000000000000e+00,4.247940812761385132e+01
2.050000000000000266e+00,4.130046905286516790e+01
2.100000000000000089e+00,4.105964898863086887e+01
2.149999999999999911e+00,3.903216441857155417e+01
2.200000000000000178e+00,3.983631365904733457e+01
2.250000000000000000e+00,3.961079778403220075e+01
2.300000000000000266e+00,3.783959811616903579e+01
2.350000000000000089e+00,3.830299862393160737e+01
2.400000000000000355e+00,3.687790491914669389e+01
2.450000000000000178e+00,3.675379334865044001e+01
2.500000000000000000e+00,3.612353732589119204e+01
2.550000000000000266e+00,3.327286547824203922e+01
2.600000000000000089e+00,3.260402133314999418e+01
2.650000000000000355e+00,3.304316771054206470e+01
2.700000000000000178e+00,2.871879387320173294e+01
2.750000000000000000e+00,2.968267312596064755e+01
2.800000000000000266e+00,2.896236182061073450e+01
2.850000000000000089e+00,2.853575688789773324e+01
2.900000000000000355e+00,2.843204858757793829e+01
2.950000000000000178e+00,2.725122932518025465e+01
3.000000000000000000e+00,2.454718178837423181e+01
3.050000000000000266e+00,2.292476682566534407e+01
3.100000000000000089e+00,2.453676786267521948e+01
3.150000000000000355e+00,2.447292493179024220e+01
3.200000000000000178e+00,2.168329759464364415e+01
3.250000000000000000e+00,2.106883771073627543e+01
3.300000000000000266e+00,2.164960111735051029e+01
3.350000000000000089e+00,1.796114929880631550e+01
3.400000000000000355e+00,2.005057271741438285e+01
3.450000000000000178e+00,1.958409624651970304e+01
3.500000000000000000e+00,1.580352876768545478e+01
3.550000000000000266e+00,1.860330455199657251e+01
3.600000000000000089e+00,1.760168572108097962e+01
3.650000000000000355e+00,1.872926594041864234e+01
3.700000000000000178e+00,1.633934836333601126e+01
3.750000000000000000e+00,1.659045723124587823e+01
3.800000000000000266e+00,1.658729507001754300e+01
3.850000000000000089e+00,1.620699145288507026e+01
3.900000000000000355e+00,1.634025971285521095e+01
3.950000000000000178e+00,1.694931296275110455e+01
4.000000000000000000e+00,1.580728346060887546e+01
4.049999999999999822e+00,1.692688672259669502e+01
4.100000000000000533e+00,1.600853124599895239e+01
4.150000000000000355e+00,1.727743268508059415e+01
4.200000000000000178e+00,1.746889159715402684e+01
4.250000000000000000e+00,1.784162717595720693e+01
4.299999999999999822e+00,1.864187986047553380e+01
4.350000000000000533e+00,1.842039029369174230e+01
4.400000000000000355e+00,1.875006207600641517e+01
4.450000000000000178e+00,2.064412584116818294e+01
4.500000000000000000e+00,1.938588111648283885e+01
4.549999999999999822e+00,1.944217232825389630e+01
4.600000000000000533e+00,2.191213626294126726e+01
4.650000000000000355e+00,2.147901587002193580e+01
4.700000000000000178e+00,2.105704626765863097e+01
4.750000000000000000e+00,2.218982194770716632e+01
4.800000000000000711e+00,2.293180386778756485e+01
4.850000000000000533e+00,2.462235577112523544e+01
4.900000000000000355e+00,2.435148817178223624e+01
4.950000000000000178e+00,2.517278833867541721e+01
5.000000000000000000e+00,2.586402706981710153e+01
5.050000000000000711e+00,2.713186903143404649e+01
5.100000000000000533e+00,2.825061812878856315e+01
5.150000000000000355e+00,2.795264601155162865e+01
5.200000000000000178e+00,2.884452266204230853e+01
5.250000000000000000e+00,3.065702976167932192e+01
5.300000000000000711e+00,3.191369380361377139e+01
5.350000000000000533e+00,3.006639679813669019e+01
5.400000000000000355e+00,3.277548042730965250e+01
5.450000000000000178e+00,3.367545560524114023e+01
5.500000000000000000e+00,3.311846980122222561e+01
5.550000000000000711e+00,3.551539662601333447e+01
5.600000000000000533e+00,3.715238706974154326e+01
5.650000000000000355e+00,3.522610525210542676e+01
5.700000000000000178e+00,3.588132565563062570e+01
5.750000000000000000e+00,3.823221954403298639e+01
5.800000000000000711e+00,3.865679048567733389e+01
5.850000000000000533e+00,3.717955028473178913e+01
5.900000000000000355e+00,3.723128222362555562e+01
5.950000000000000178e+00,3.854862060032328941e+01
6.000000000000000000e+00,3.877987234862813892e+01
6.050000000000000711e+00,4.115738046596357691e+01
6.100000000000000533e+00,3.980579563677740396e+01
6.150000000000000355e+00,4.042178652685844042e+01
6.200000000000000178e+00,3.917877372700339578e+01
6.250000000000000000e+00,4.069263550766545734e+01
6.300000000000000711e+00,3.966575484610101654e+01
6.350000000000000533e+00,3.940652422343820405e+01
6.400000000000000355e+00,4.033741191088390821e+01
6.450000000000000178e+00,4.082013673114978758e+01
6.500000000000000000e+00,3.970939571172100813e+01
6.550000000000000711e+00,3.946942030039733851e+01
6.600000000000000533e+00,4.143371081136059786e+01
6.650000000000000355e+00,4.014838679773636443e+01
6.700000000000000178e+00,4.168259538861878610e+01
6.750000000000000000e+00,4.007593796678763454e+01
6.800000000000000711e+00,4.106994678627269479e+01
6.850000000000000533e+00,3.838356154603489045e+01
6.900000000000000355e+00,3.949657087862245675e+01
6.950000000000000178e+00,3.899137286197409225e+01
7.000000000000000000e+00,3.783562782788657586e+01
7.050000000000000711e+00,3.820804013844074376e+01
7.100000000000000533e+00,3.800068117064525808e+01
7.150000000000000355e+00,3.635237141672556049e+01
7.200000000000000178e+00,3.832009662215681800e+01
7.250000000000000000e+00,3.441158192649107406e+01
7.300000000000000711e+00,3.477008508764319572e+01
7.350000000000000533e+00,3.468666560191582704e+01
7.400000000000000355e+00,3.328528340682407816e+01
7.450000000000000178e+00,3.290819553164156019e+01
7.500000000000000000e+00,3.267754559434415995e+01
7.550000000000000711e+00,3.217439801511179809e+01
7.600000000000000533e+00,3.224375793519996591e+01
7.650000000000000355e+00,3.168425212339212393e+01
7.700000000000000178e+00,3.246109322773312300e+01
7.750000000000000000e+00,3.089087031713377129e+01
7.800000000000000711e+00,2.987342494381142544e+01
7.850000000000000533e+00,2.942385306311604865e+01
7.900000000000000355e+00,2.824833067295333677e+01
7.950000000000000178e+00,2.789681752968630235e+01
8.000000000000000000e+00,2.554640432712147202e+01
8.050000000000000711e+00,2.694489574618746985e+01
8.099999999999999645e+00,2.720694833881587016e+01
8.150000000000000355e+00,2.560726694603035725e+01
8.200000000000001066e+00,2.457660571019841811e+01
8.250000000000000000e+00,2.518923750957418051e+01
8.300000000000000711e+00,2.476848905752820329e+01
8.349999999999999645e+00,2.500702100052420462e+01
8.400000000000000355e+00,2.350425548847019996e+01
8.450000000000001066e+00,2.381873650088351013e+01
8.500000000000000000e+00,2.294793960966545043e+01
8.550000000000000711e+00,2.302515610551443004e+01
8.599999999999999645e+00,2.375882089032688071e+01
8.650000000000000355e+00,2.427490974916078770e+01
8.700000000000001066e+00,2.198936917376265399e+01
8.750000000000000000e+00,2.193661037068416420e+01
8.800000000000000711e+00,2.280392160034811155e+01
8.849999999999999645e+00,2.082533385337778498e+01
8.900000000000000355e+00,2.166887270785752406e+01
8.950000000000001066e+00,2.127375025730725611e+01
9.000000000000000000e+00,2.077090400243120527e+01
9.050000000000000711e+00,2.106658800836616052e+01
9.099999999999999645e+00,2.191406441947495054e+01
9.150000000000000355e+00,2.072956128906582052e+01
9.200000000000001066e+00,2.211420985752023327e+01
9.250000000000000000e+00,2.151297597554172469e+01
9.300000000000000711e+00,2.304384056487481303e+01
9.349999999999999645e+00,2.466832825142696350e+01
9.400000000000000355e+00,2.295419655270437431e+01
9.450000000000001066e+00,2.291094069953945223e+01
9.500000000000000000e+00,2.459922701253006849e+01
9.550000000000000711e+00,2.369261258891278032e+01
9.600000000000001421e+00,2.541766743777307624e+01
9.650000000000000355e+00,2.405658121790634141e+01
9.700000000000001066e+00,2.455858276221361081e+01
9.750000000000000000e+00,2.483857004828604786e+01
9.800000000000000711e+00,2.640662894886266798e+01
9.850000000000001421e+00,2.598777330950141717e+01
9.900000000000000355e+00,2.453065064483500635e+01
9.950000000000001066e+00,2.784538071636966450e+01
1.000000000000000000e+01,2.781649667907658241e+01
1.005000000000000071e+01,2.892575079059337639e+01
1.010000000000000142e+01,2.909294439814752664e+01
1.015000000000000036e+01,2.798701781335560312e+01
1.020000000000000107e+01,2.904338904650326114e+01
1.025000000000000000e+01,2.934527463976851180e+01
1.030000000000000071e+01,3.069418913206295230e+01
1.035000000000000142e+01,3.173919923030654999e+01
1.040000000000000036e+01,3.035492471950082916e+01
1.045000000000000107e+01,3.055669134862231573e+01
1.050000000000000000e+01,3.140176967898727511e+01
1.055000000000000071e+01,3.383470855759258455e+01
1.060000000000000142e+01,3.318003216566663127e+01
1.065000000000000036e+01,3.286984836860028025e+01
1.070000000000000107e+01,3.415940759937625870e+01
1.075000000000000000e+01,3.425683018676871683e+01
1.080000000000000071e+01,3.302713721106030675e+01
1.085000000000000142e+01,3.459130097166418949e+01
1.090000000000000036e+01,3.634269951861770664e+01
1.095000000000000107e+01,3.617217601267935123e+01
1.100000000000000000e+01,3.406466355763774345e+01
1.105000000000000071e+01,3.406759583949840220e+01
1.110000000000000142e+01,3.566890668783273810e+01
1.115000000000000036e+01,3.595930511698202992e+01
1.120000000000000107e+01,3.744583642034050541e+01
1.125000000000000000e+01,3.574647036031934277e+01
1.130000000000000071e+01,3.426176391587139136e+01
1.135000000000000142e+01,3.638979491473033079e+01
1.140000000000000036e+01,3.647383768916003532e+01
1.145000000000000107e+01,3.717357695715023169e+01
1.150000000000000000e+01,3.606994573744657373e+01
1.155000000000000071e+01,3.600084223462472011e+01
1.160000000000000142e+01,3.635819570066954753e+01
1.165000000000000036e+01,3.693418956318024016e+01
1.170000000000000107e+01,3.477806609435825180e+01
1.175000000000000000e+01,3.590019484700214036e+01
1.180000000000000071e+01,3.559249539029985954e+01
1.185000000000000142e+01,3.447591034754565698e+01
1.190000000000000036e+01,3.521117567533260484e+01
1.195000000000000107e+01,3.547566923405553752e+01
1.200000000000000000e+01,3.369679856772669524e+01
1.205000000000000071e+01,3.337519903495791596e+01
1.210000000000000142e+01,3.395895621014989985e+01
1.215000000000000036e+01,3.656476136666566390e+01
1.220000000000000107e+01,3.283328433905160182e+01
1.225000000000000000e+01,3.317423080502051391e+01
1.230000000000000071e+01,3.296386290934915309e+01
1.235000000000000142e+01,3.201112259999339216e+01
1.240000000000000036e+01,3.277437303927317913e+01
1.245000000000000107e+01,3.190033204576191039e+01
1.250000000000000000e+01,3.183347083367337049e+01
1.255000000000000071e+01,3.148607470319427293e+01
1.260000000000000142e+01,3.179141529999868254e+01
1.265000000000000036e+01,3.157902843616573207e+01
1.270000000000000107e+01,3.042396333820664722e+01
1.275000000000000000e+01,2.943835757593611646e+01
1.280000000000000071e+01,2.983833148109120970e+01
1.285000000000000142e+01,2.984444781130189384e+01
1.290000000000000036e+01,2.783173839123080384e+01
1.295000000000000107e+01,2.938154819821864905e+01
1.300000000000000000e+01,2.727824896800667531e+01
1.305000000000000071e+01,2.796017380753082193e+01
1.310000000000000142e+01,2.713900522896309297e+01
1.315000000000000036e+01,2.655407707638724446e+01
1.320000000000000107e+01,2.744415416894237225e+01
1.325000000000000000e+01,2.629193386109343322e+01
1.330000000000000071e+01,2.769006483092707072e+01
1.335000000000000142e+01,2.753267379687143901e+01
1.340000000000000036e+01,2.605576972425836502e+01
1.345000000000000107e+01,2.572325123652999679e+01
1.350000000000000000e+01,2.623846813226744246e+01
1.355000000000000071e+01,2.623526125332901060e+01
1.360000000000000142e+01,2.537544992026948165e+01
1.365000000000000036e+01,2.371332337494034093e+01
1.370000000000000107e+01,2.445715238652798362e+01
1.375000000000000000e+01,2.454869481760815475e+01
1.380000000000000071e+01,2.549417921640275964e+01
1.385000000000000142e+01,2.470164014152369347e+01
1.390000000000000036e+01,2.569001707910868504e+01
1.395000000000000107e+01,2.386829474038327703e+01
1.400000000000000000e+01,2.499005988577506443e+01
1.405000000000000071e+01,2.530305993506678064e+01
1.410000000000000142e+01,2.412388812990327835e+01
1.415000000000000036e+01,2.544494884786215394e+01
1.420000000000000107e+01,2.426481508406358145e+01
1.425000000000000000e+01,2.498726584644014181e+01
1.430000000000000071e+01,2.591476968359511446e+01
1.435000000000000142e+01,2.436758162197086008e+01
1.440000000000000036e+01,2.727381818548055747e+01
1.445000000000000107e+01,2.531911516189547129e+01
1.450000000000000000e+01,2.613834787813188498e+01
1.455000000000000071e+01,2.637421122711514343e+01
1.460000000000000142e+01,2.629498952200559714e+01
1.465000000000000036e+01,2.719523034950292129e+01
1.470000000000000107e+01,2.644955281748756448e+01
1.475000000000000000e+01,2.595089394531459348e+01
1.480000000000000071e+01,2.671382029639931943e+01
1.485000000000000142e+01,2.930008836235018421e+01
1.490000000000000036e+01,2.884294313213366578e+01
1.495000000000000107e+01,3.060473323754141362e+01
1.500000000000000000e+01,2.887427471829888859e+01
1.505000000000000071e+01,2.877312610928225922e+01
1.510000000000000142e+01,2.865908351391063036e+01
1.515000000000000036e+01,3.021324195742706920e+01
1.520000000000000107e+01,2.886045474607247030e+01
1.525000000000000000e+01,2.961098505478954479e+01
1.530000000000000071e+01,3.054109562860169191e+01
1.535000000000000142e+01,3.109599749693224524e+01
1.540000000000000036e+01,3.036435297158943669e+01
1.545000000000000107e+01,3.152027457402775212e+01
1.550000000000000000e+01,3.206642565401111966e+01
1.555000000000000071e+01,3.026146353234693365e+01
1.560000000000000142e+01,3.155469578704276046e+01
1.565000000000000036e+01,3.174320170032392951e+01
1.570000000000000107e+01,3.261650801246738496e+01
1.575000000000000000e+01,3.273761692819459768e+01
1.580000000000000071e+01,3.409584446896211318e+01
1.585000000000000142e+01,3.283936480819887294e+01
1.590000000000000036e+01,3.395512117642198291e+01
1.595000000000000107e+01,3.268176466265842350e+01
1.600000000000000000e+01,3.437616418529052709e+01
1.605000000000000071e+01,3.356920115211956812e+01
1.610000000000000142e+01,3.276863550127923475e+01
1.615000000000000213e+01,3.511272274494982781e+01
1.619999999999999929e+01,3.279454022158410709e+01
1.625000000000000000e+01,3.423162932488007471e+01
1.630000000000000071e+01,3.371311195286334339e+01
1.635000000000000142e+01,3.494911004324628578e+01
1.640000000000000213e+01,3.445155466028062108e+01
1.644999999999999929e+01,3.414052347856812020e+01
1.650000000000000000e+01,3.394664564404598650e+01
1.655000000000000071e+01,3.252639006420776724e+01
1.660000000000000142e+01,3.389069403829911664e+01
1.665000000000000213e+01,3.401096382513488692e+01
1.669999999999999929e+01,3.386893282209976519e+01
1.675000000000000000e+01,3.242771266972717115e+01
1.680000000000000071e+01,3.326570677867463388e+01
1.685000000000000142e+01,3.315953811900221382e+01
1.690000000000000213e+01,3.348203654032214160e+01
1.694999999999999929e+01,3.280515303388828130e+01
1.700000000000000000e+01,3.289768641951040706e+01
1.705000000000000071e+01,3.217366258511643196e+01
1.710000000000000142e+01,3.299814915718773989e+01
1.715000000000000213e+01,3.252342469450703533e+01
1.719999999999999929e+01,3.222602744371147310e+01
1.725000000000000000e+01,3.236223138653100051e+01
1.730000000000000071e+01,3.233375276410060195e+01
1.735000000000000142e+01,3.185477761521307727e+01
1.740000000000000213e+01,3.155827561235679468e+01
1.744999999999999929e+01,3.118701210595628837e+01
1.750000000000000000e+01,3.094950242984132061e+01
1.755000000000000071e+01,3.070217369847112465e+01
1.760000000000000142e+01,3.005592427924708332e+01
1.765000000000000213e+01,2.972967795970967586e+01
1.769999999999999929e+01,3.130874352131827365e+01
1.775000000000000000e+01,3.029239399488261242e+01
1.780000000000000071e+01,3.024495590917623389e+01
1.785000000000000142e+01,3.000960248866604729e+01
1.790000000000000213e+01,2.948319682623111149e+01
1.794999999999999929e+01,2.923166514218783263e+01
1.800000000000000000e+01,2.862216514174623683e+01
1.805000000000000071e+01,2.898775873998896202e+01
1.810000000000000142e+01,2.990527340461568784e+01
1.815000000000000213e+01,2.878374508096212026e+01
1.819999999999999929e+01,2.828007042187406483e+01
1.825000000000000000e+01,3.003338888363312620e+01
1.830000000000000071e+01,2.797219398670973334e+01
1.835000000000000142e+01,2.755412307766606261e+01
1.840000000000000213e+01,2.723060752672579454e+01
1.844999999999999929e+01,2.685321695395532160e+01
1.850000000000000000e+01,2.702635301349518215e+01
1.855000000000000071e+01,2.765294580219671516e+01
1.860000000000000142e+01,2.694390652424841548e+01
1.865000000000000213e+01,2.658643319483041978e+01
1.869999999999999929e+01,2.647990901049333701e+01
1.875000000000000000e+01,2.711030992312615240e+01
1.880000000000000071e+01,2.706135627305861746e+01
1.885000000000000142e+01,2.700221535584833177e+01
1.890000000000000213e+01,2.652396250383539211e+01
1.894999999999999929e+01,2.698140190262452975e+01
1.900000000000000000e+01,2.685702058382373991e+01
1.905000000000000071e+01,2.609416557124213654e+01
1.910000000000000142e+01,2.696246866322607261e+01
1.915000000000000213e+01,2.728156299608921387e+01
1.920000000000000284e+01,2.780536800077401693e+01
1.925000000000000000e+01,2.668211271559518138e+01
1.930000000000000071e+01,2.673852515929358020e+01
1.935000000000000142e+01,2.604174706807226869e+01
1.940000000000000213e+01,2.770671354674592379e+01
1.945000000000000284e+01,2.807278243098670956e+01
1.950000000000000000e+01,2.745571383028082835e+01
1.955000000000000071e+01,2.681450737187178035e+01
1.960000000000000142e+01,2.833266894010984771e+01
1.965000000000000213e+01,2.799238974222598841e+01
1.970000000000000284e+01,2.800272190623700652e+01
1.975000000000000000e+01,2.746755207637079366e+01
1.980000000000000071e+01,2.873020654119301298e+01
1.985000000000000142e+01,2.931475039546769779e+01
1.990000000000000213e+01,2.875292162856518985e+01
1.995000000000000284e+01,2.755261078603883007e+01
2.000000000000000000e+01,2.868692505434170315e+01
2.005000000000000071e+01,2.893100267481533905e+01
2.010000000000000142e+01,2.887334297204055034e+01
2.015000000000000213e+01,2.964794285582046740e+01
2.020000000000000284e+01,3.026609127661087228e+01
2.025000000000000000e+01,3.006179625821211232e+01
2.030000000000000071e+01,3.007372732678626548e+01
2.035000000000000142e+01,3.058372540764516501e+01
2.040000000000000213e+01,3.118865434432424166e+01
2.045000000000000284e+01,3.022752315051970129e+01
2.050000000000000000e+01,3.120035290950344375e+01
2.055000000000000071e+01,3.056565147643894065e+01
2.060000000000000142e+01,3.127455827737097849e+01
2.065000000000000213e+01,3.071439120730154571e+01
2.070000000000000284e+01,3.042173233284359313e+01
2.075000000000000000e+01,3.171238770493394199e+01
2.080000000000000071e+01,3.065152718441607860e+01
2.085000000000000142e+01,3.118512411862079858e+01
2.090000000000000213e+01,3.193133053290979717e+01
2.095000000000000284e+01,3.176507350543134933e+01
2.100000000000000000e+01,3.153981327316211747e+01
2.105000000000000071e+01,3.171426044472853434e+01
2.110000000000000142e+01,3.160147447317302749e+01
2.115000000000000213e+01,3.162307096984907417e+01
2.120000000000000284e+01,3.238369045064529672e+01
2.125000000000000000e+01,3.179485198764031040e+01
2.130000000000000071e+01,3.212442172599447332e+01
2.135000000000000142e+01,3.269611658906057983e+01
2.140000000000000213e+01,3.135501818184525646e+01
2.145000000000000284e+01,3.208113805619876757e+01
2.150000000000000000e+01,3.186423222204985350e+01
2.155000000000000071e+01,3.211169805650374087e+01
2.160000000000000142e+01,3.326039155821365512e+01
2.165000000000000213e+01,3.222770049690609540e+01
2.170000000000000284e+01,3.245326590162841995e+01
2.175000000000000000e+01,3.179335179052566929e+01
2.180000000000000071e+01,3.150137513195287298e+01
2.185000000000000142e+01,3.139779307836366584e+01
2.190000000000000213e+01,3.239112525816074850e+01
2.195000000000000284e+01,3.222413597281585851e+01
2.200000000000000000e+01,3.122371601531675012e+01
2.205000000000000071e+01,3.244832748177866222e+01
2.210000000000000142e+01,3.122949802437116062e+01
2.215000000000000213e+01,3.069791967874378358e+01
2.220000000000000284e+01,3.158490093872920923e+01
2.225000000000000000e+01,3.085233871734426714e+01
2.230000000000000071e+01,3.118492912742028622e+01
2.235000000000000142e+01,3.146138778742681907e+01
2.240000000000000213e+01,3.109701746460907046e+01
2.245000000000000284e+01,3.036912910261265708e+01
2.250000000000000000e+01,3.059758262120593386e+01
2.255000000000000071e+01,3.090123439111854964e+01
2.260000000000000142e+01,3.133751418356783702e+01
2.265000000000000213e+01,2.923193488614076330e+01
2.270000000000000284e+01,3.002498488315998060e+01
2.275000000000000000e+01,3.115864331973555679e+01
2.280000000000000071e+01,2.906447409126117876e+01
2.285000000000000142e+01,3.003027866598420204e+01
2.290000000000000213e+01,3.029419913342129789e+01
2.295000000000000284e+01,2.991806923313045630e+01
2.300000000000000000e+01,3.043926040040044967e+01
2.305000000000000071e+01,2.912672569423602909e+01
2.310000000000000142e+01,2.882348799762939606e+01
2.315000000000000213e+01,2.797588198012502758e+01
2.320000000000000284e+01,2.895962709729754536e+01
2.325000000000000000e+01,2.904994860185336236e+01
2.330000000000000071e+01,2.871673693207767641e+01
2.335000000000000142e+01,2.918473640459212959e+01
2.340000000000000213e+01,2.873572364797286482e+01
2.345000000000000284e+01,2.856103541102061527e+01
2.350000000000000000e+01,2.906713327272593261e+01
2.355000000000000071e+01,2.802918368879359079e+01
2.360000000000000142e+01,2.811073859270057440e+01
2.365000000000000213e+01,2.718210177999671728e+01
2.370000000000000284e+01,2.749123241449896682e+01
2.375000000000000000e+01,2.841485219618716229e+01
2.380000000000000071e+01,2.881484125657999940e+01
2.385000000000000142e+01,2.779741106256528127e+01
2.390000000000000213e+01,2.882797947260956661e+01
2.395000000000000284e+01,2.784580218555798226e+01
2.400000000000000000e+01,2.767669603899609498e+01
2.405000000000000071e+01,2.839479023457944251e+01
2.410000000000000142e+01,2.877385723180308119e+01
2.415000000000000213e+01,2.761958547715670775e+01
2.420000000000000284e+01,2.775944672890168619e+01
2.425000000000000000e+01,2.866889701431663440e+01
2.430000000000000071e+01,2.838511085670845802e+01
2.435000000000000142e+01,2.854178672560236407e+01
2.440000000000000213e+01,2.790062713489029633e+01
2.445000000000000284e+01,2.833649128858167998e+01
2.450000000000000000e+01,2.911291172591421272e+01
2.455000000000000071e+01,2.895938682761434180e+01
2.460000000000000142e+01,2.823210221956654209e+01
2.465000000000000213e+01,2.922112885891866085e+01
2.470000000000000284e+01,2.923374220204277307e+01
2.475000000000000000e+01,2.884106945072804251e+01
2.480000000000000071e+01,2.965521538086535003e+01
2.485000000000000142e+01,2.907644322542650528e+01
2.490000000000000213e+01,2.861283602148051131e+01
2.495000000000000284e+01,2.871236184855951024e+01
2.500000000000000000e+01,3.010418543793156587e+01
2.505000000000000071e+01,3.022347756705567079e+01
2.510000000000000142e+01,2.995081916982270798e+01
2.515000000000000213e+01,3.007802434047848905e+01
2.520000000000000284e+01,3.066755774278403379e+01
2.525000000000000000e+01,2.990696865465148591e+01
2.530000000000000071e+01,2.993856823587459104e+01
2.535000000000000142e+01,2.981798027275974405e+01
2.540000000000000213e+01,2.986750505472394934e+01
2.545000000000000284e+01,3.015556588269757654e+01
2.550000000000000000e+01,3.060099462825922956e+01
2.555000000000000071e+01,3.079539882334456991e+01
2.560000000000000142e+01,3.081644354503586669e+01
2.565000000000000213e+01,3.057781747547394957e+01
2.570000000000000284e+01,3.058845496837751199e+01
2.575000000000000000e+01,2.925204622412223188e+01
2.580000000000000071e+01,3.135333525575283176e+01
2.585000000000000142e+01,3.130707029086746829e+01
2.590000000000000213e+01,3.026820858098628975e+01
2.595000000000000284e+01,3.100937841700681119e+01
2.600000000000000000e+01,3.171962498171940226e+01
2.605000000000000071e+01,3.131852969810807608e+01
2.610000000000000142e+01,3.157835380675648906e+01
2.615000000000000213e+01,3.165067794611369223e+01
2.620000000000000284e+01,3.200051025482886757e+01
2.625000000000000000e+01,3.185649839389015980e+01
2.630000000000000071e+01,3.111344478955640014e+01
2.635000000000000142e+01,3.092719727430320731e+01
2.640000000000000213e+01,3.198808133524772757e+01
2.645000000000000284e+01,3.142266206945282292e+01
2.650000000000000000e+01,3.127549912319431158e+01
2.655000000000000071e+01,3.146125082559481356e+01
2.660000000000000142e+01,3.167520244852828171e+01
2.665000000000000213e+01,3.144809957006606638e+01
2.670000000000000284e+01,3.122101782324659425e+01
2.675000000000000000e+01,3.151451033503336063e+01
2.680000000000000071e+01,3.105197809810960408e+01
2.685000000000000142e+01,3.135061799861620813e+01
2.690000000000000213e+01,3.138685120701065046e+01
2.695000000000000284e+01,3.068227621266822069e+01
2.700000000000000000e+01,3.082757617968400865e+01
2.705000000000000071e+01,3.156178796279705168e+01
2.710000000000000142e+01,3.082394407186021823e+01
2.715000000000000213e+01,3.039032896327957545e+01
2.720000000000000284e+01,3.114558270833769882e+01
2.725000000000000000e+01,3.024951137835874349e+01
2.730000000000000071e+01,3.083669760414749206e+01
2.735000000000000142e+01,3.082782519902817953e+01
2.740000000000000213e+01,3.087886958209798394e+01
2.745000000000000284e+01,3.057000701048837854e+01
2.750000000000000000e+01,3.028881393833933444e+01
2.755000000000000071e+01,3.024420702763019264e+01
2.760000000000000142e+01,3.060277780077590037e+01
2.765000000000000213e+01,2.988240767298066558e+01
2.770000000000000284e+01,3.066159192478710338e+01
2.775000000000000000e+01,3.017960364241546145e+01
2.780000000000000071e+01,2.974436060261581360e+01
2.785000000000000142e+01,2.944398087151596854e+01
2.790000000000000213e+01,2.947534353246077288e+01
2.795000000000000284e+01,3.053848953575206338e+01
2.800000000000000000e+01,2.973101367210096058e+01
2.805000000000000071e+01,2.995288092860674567e+01
2.810000000000000142e+01,2.940950735895936674e+01
2.815000000000000213e+01,2.890028321815487899e+01
2.820000000000000284e+01,2.980937118678014031e+01
2.825000000000000000e+01,2.857106858671804517e+01
2.830000000000000071e+01,2.891502074768485997e+01
2.835000000000000142e+01,2.936345101599111374e+01
2.840000000000000213e+01,2.845001239692414785e+01
2.845000000000000284e+01,2.986545509151560651e+01
2.850000000000000000e+01,2.879793254840910777e+01
2.855000000000000071e+01,2.869482251591561450e+01
2.860000000000000142e+01,2.954463512755686594e+01
2.865000000000000213e+01,2.817980885382267076e+01
2.870000000000000284e+01,2.823280214501176744e+01
2.875000000000000000e+01,2.851082436902867911e+01
2.880000000000000071e+01,2.926334375281776801e+01
2.885000000000000142e+01,2.898362002602202381e+01
2.890000000000000213e+01,2.917311721979184114e+01
2.895000000000000284e+01,2.882536896250920577e+01
2.900000000000000000e+01,2.850027751691589373e+01
2.905000000000000071e+01,2.885660101183025006e+01
2.910000000000000142e+01,2.928801017854495825e+01
2.915000000000000213e+01,2.857412478570906700e+01
2.920000000000000284e+01,2.843796143995659520e+01
2.925000000000000000e+01,2.870720047741537329e+01
2.930000000000000071e+01,2.905774941347782203e+01
2.935000000000000142e+01,2.831492347236589424e+01
2.940000000000000213e+01,2.980288958496315033e+01
2.945000000000000284e+01,2.945954085867752781e+01
2.950000000000000000e+01,2.808147862703775033e+01
2.955000000000000071e+01,2.884516052381155049e+01
2.960000000000000142e+01,2.893606157895266762e+01
2.965000000000000213e+01,2.947999200743927162e+01
2.970000000000000284e+01,2.932642645140246884e+01
2.975000000000000000e+01,3.035086448960664995e+01
2.980000000000000071e+01,2.971567480002440931e+01
2.985000000000000142e+01,2.984567391633445865e+01
2.990000000000000213e+01,2.973289733467315799e+01
2.995000000000000284e+01,2.924788167963987817e+01
3.000000000000000000e+01,2.987371349172127211e+01
3.005000000000000071e+01,2.909868044468614556e+01
3.010000000000000142e+01,3.030383368584240600e+01
3.015000000000000213e+01,3.002863951001047838e+01
3.020000000000000284e+01,3.029747785539118254e+01
3.025000000000000000e+01,2.983401571651585726e+01
3.030000000000000071e+01,3.067685228876924697e+01
3.035000000000000142e+01,3.023621537490792477e+01
3.040000000000000213e+01,2.973780335787875728e+01
3.045000000000000284e+01,2.989039801503934513e+01
3.050000000000000000e+01,3.051515446400117071e+01
3.055000000000000071e+01,2.979105077375756139e+01
3.060000000000000142e+01,3.080743940510407342e+01
3.065000000000000213e+01,3.090861250606582900e+01
3.070000000000000284e+01,3.087747232942087550e+01
3.075000000000000000e+01,3.067559477249120903e+01
3.080000000000000071e+01,2.979963606074448279e+01
3.085000000000000142e+01,3.090371244315461041e+01
3.090000000000000213e+01,3.074968510936929889e+01
3.095000000000000284e+01,3.076666965580518465e+01
3.100000000000000000e+01,3.136639383281831783e+01
3.105000000000000071e+01,3.156121567371203440e+01
3.110000000000000142e+01,3.095725410025933400e+01
3.115000000000000213e+01,3.076979855072898573e+01
3.120000000000000284e+01,3.058316305460913398e+01
3.125000000000000000e+01,3.077429982492553151e+01
3.130000000000000071e+01,3.093635202410782625e+01
3.135000000000000142e+01,3.105913972644365728e+01
3.140000000000000213e+01,3.046437123345469900e+01
3.145000000000000284e+01,3.105083399243233444e+01
3.150000000000000000e+01,3.111730938736902630e+01
3.155000000000000071e+01,3.134540064779598723e+01
3.160000000000000142e+01,3.103004132015879080e+01
3.165000000000000213e+01,3.076756597949799499e+01
3.170000000000000284e+01,3.090097946810502805e+01
3.175000000000000000e+01,3.072377578316393354e+01
3.180000000000000071e+01,3.020727108325738541e+01
3.185000000000000142e+01,3.060739209301383923e+01
3.190000000000000213e+01,3.065401006987504573e+01
3.195000000000000284e+01,3.035264063933058765e+01
3.200000000000000000e+01,3.053244685550787452e+01
3.205000000000000426e+01,3.056299587457007760e+01
3.210000000000000142e+01,3.047185270658041389e+01
3.214999999999999858e+01,3.098550116212950911e+01
3.220000000000000284e+01,3.051847143110127547e+01
3.225000000000000000e+01,3.027890658760947673e+01
3.230000000000000426e+01,3.031860096624749445e+01
3.235000000000000142e+01,3.063880132629396158e+01
3.239999999999999858e+01,3.047040261512444204e+01
3.245000000000000284e+01,3.012838386320719408e+01
3.250000000000000000e+01,2.999408401616812725e+01
3.255000000000000426e+01,3.006303991898837680e+01
3.260000000000000142e+01,3.028354688971625919e+01
3.264999999999999858e+01,3.012389265109087333e+01
3.270000000000000284e+01,3.010123468687200443e+01
3.275000000000000000e+01,3.049799450797939215e+01
3.280000000000000426e+01,3.026942105069474209e+01
3.285000000000000142e+01,2.986407876815612283e+01
3.289999999999999858e+01,2.993755452497679670e+01
3.295000000000000284e+01,2.992334728920152287e+01
3.300000000000000000e+01,3.018780590156055865e+01
3.305000000000000426e+01,2.978255633358515198e+01
3.310000000000000142e+01,2.982350766725544844e+01
3.314999999999999858e+01,2.959492051317642947e+01
3.320000000000000284e+01,2.992094432259802872e+01
3.325000000000000000e+01,2.927243150304629538e+01
3.330000000000000426e+01,2.931437076513469009e+01
3.335000000000000142e+01,2.893647333886197615e+01
3.339999999999999858e+01,2.957107171652844713e+01
3.345000000000000284e+01,2.939934608512089653e+01
3.350000000000000000e+01,3.010746786396206076e+01
3.355000000000000426e+01,2.916490180434555768e+01
3.360000000000000142e+01,2.991417115248261638e+01
3.364999999999999858e+01,2.950817645789106081e+01
3.370000000000000284e+01,2.945058139157508492e+01
3.375000000000000000e+01,2.961808021810218605e+01
3.380000000000000426e+01,2.967619833601289159e+01
3.385000000000000142e+01,2.942878850009476110e+01
3.389999999999999858e+01,2.947304064058601725e+01
3.395000000000000284e+01,2.873285625754659733e+01
3.400000000000000000e+01,2.949892236137144153e+01
3.405000000000000426e+01,2.914257693965439699e+01
3.410000000000000142e+01,2.892979218272643749e+01
3.414999999999999858e+01,2.951749897638213938e+01
3.420000000000000284e+01,2.974118549132746736e+01
3.425000000000000000e+01,2.933194056340867917e+01
3.430000000000000426e+01,2.962955803535824373e+01
3.435000000000000142e+01,2.988627200138260775e+01
3.439999999999999858e+01,2.952942465518846049e+01
3.445000000000000284e+01,2.927306031845049361e+01
3.450000000000000000e+01,2.997794210924119085e+01
3.455000000000000426e+01,2.970298436189236213e+01
3.460000000000000142e+01,2.930968386678097204e+01
3.464999999999999858e+01,2.997069330375233065e+01
3.470000000000000284e+01,2.975483143814105347e+01
3.475000000000000000e+01,2.956163203075825407e+01
3.480000000000000426e+01,2.991116978825602146e+01
3.485000000000000142e+01,2.963324654298524763e+01
3.489999999999999858e+01,2.971064905359693498e+01
3.495000000000000284e+01,3.040631046286880590e+01
3.500000000000000000e+01,2.965132393689376045e+01
3.505000000000000426e+01,3.041078520235903326e+01
3.510000000000000142e+01,3.028640096283958272e+01
3.514999999999999858e+01,2.998797498804324846e+01
3.520000000000000284e+01,2.981725083592226611e+01
3.525000000000000000e+01,2.963363028929394716e+01
3.530000000000000426e+01,3.003028404779509231e+01
3.535000000000000142e+01,2.992491821818237341e+01
3.539999999999999858e+01,2.993891092218331451e+01
3.545000000000000284e+01,3.063421196942019264e+01
3.550000000000000000e+01,3.052723611933147296e+01
3.555000000000000426e+01,3.013934918241672278e+01
3.560000000000000142e+01,3.012640275011101920e+01
3.564999999999999858e+01,3.048644108191059132e+01
3.570000000000000284e+01,3.037752412339720109e+01
3.575000000000000000e+01,3.017146942370150953e+01
3.580000000000000426e+01,3.040959314445859007e+01
3.585000000000000142e+01,3.003636760911865622e+01
3.589999999999999858e+01,2.992067787577860827e+01
3.595000000000000284e+01,3.035553062325784879e+01
3.600000000000000000e+01,3.025903218791247795e+01
3.605000000000000426e+01,3.059803686792209021e+01
3.610000000000000142e+01,3.110534710575847228e+01
3.614999999999999858e+01,3.058492661203138852e+01
3.620000000000000284e+01,3.020353011625027762e+01
3.625000000000000000e+01,3.080456383151556210e+01
3.630000000000000426e+01,3.009232158201438168e+01
3.635000000000000142e+01,3.073652413466646038e+01
3.639999999999999858e+01,2.982328199700158677e+01
3.645000000000000284e+01,3.039594294677367614e+01
3.650000000000000000e+01,3.004273549155889000e+01
3.655000000000000426e+01,3.027290129886632286e+01
3.660000000000000142e+01,3.029603681843553531e+01
3.664999999999999858e+01,3.077958522680297904e+01
3.670000000000000284e+01,3.087760391105661739e+01
3.675000000000000000e+01,3.049023910529655268e+01
3.680000000000000426e+01,2.999763832233339045e+01
3.685000000000000142e+01,3.096117011000663410e+01
3.689999999999999858e+01,3.057430060407807559e+01
3.695000000000000284e+01,3.023557191017664181e+01
3.700000000000000000e+01,3.053660288771743581e+01
3.705000000000000426e+01,3.038448444156170325e+01
3.710000000000000142e+01,3.058113061087838602e+01
3.714999999999999858e+01,3.037332150173960699e+01
3.720000000000000284e+01,3.008752146655082882e+01
3.725000000000000000e+01,3.001933079156747652e+01
3.730000000000000426e+01,3.074907294950462244e+01
3.735000000000000142e+01,3.012929187452530044e+01
3.739999999999999858e+01,3.019064452206480453e+01
3.745000000000000284e+01,3.012129793158623414e+01
3.750000000000000000e+01,3.033223951890680326e+01
3.755000000000000426e+01,3.030613339868159173e+01
3.760000000000000142e+01,3.006685089729614191e+01
3.764999999999999858e+01,2.993433482961861358e+01
3.770000000000000284e+01,3.066991665680461310e+01
3.775000000000000000e+01,2.994144416795487018e+01
3.780000000000000426e+01,3.002236474375778030e+01
3.785000000000000142e+01,2.976717834210281310e+01
3.789999999999999858e+01,2.970408574270447133e+01
3.795000000000000284e+01,2.985805835364784144e+01
3.800000000000000000e+01,2.972520941717738907e+01
3.805000000000000426e+01,2.979404613692943116e+01
3.810000000000000142e+01,2.942497998366016887e+01
3.814999999999999858e+01,3.049298412349734377e+01
3.820000000000000284e+01,2.983679945545919310e+01
3.825000000000000000e+01,2.975174885405414926e+01
3.830000000000000426e+01,2.966559903458715297e+01
3.835000000000000142e+01,2.977358268619634174e+01
3.840000000000000568e+01,2.974521194736944807e+01
3.845000000000000284e+01,2.979340433016379919e+01
3.850000000000000000e+01,3.005079886573887649e+01
3.855000000000000426e+01,2.931156007650863415e+01
3.860000000000000142e+01,2.939764679558226135e+01
3.865000000000000568e+01,2.958972308502231741e+01
3.870000000000000284e+01,2.960550156651979492e+01
3.875000000000000000e+01,2.948935489521516473e+01
3.880000000000000426e+01,2.953966155841033725e+01
3.885000000000000142e+01,2.941882150965837184e+01
3.890000000000000568e+01,2.971174651030359470e+01
3.895000000000000284e+01,2.957348186407064006e+01
3.900000000000000000e+01,2.969570026261294871e+01
3.905000000000000426e+01,2.967007728632340502e+01
3.910000000000000142e+01,2.988978252753362952e+01
3.915000000000000568e+01,2.949627516547195327e+01
3.920000000000000284e+01,2.944851381826823200e+01
3.925000000000000000e+01,2.969401673955668386e+01
3.930000000000000426e+01,2.972835414793624764e+01
3.935000000000000142e+01,2.951607533590280497e+01
3.940000000000000568e+01,2.954244451485491396e+01
3.945000000000000284e+01,2.933144399200032026e+01
3.950000000000000000e+01,2.998737006266062721e+01
3.955000000000000426e+01,2.960126978940551368e+01
3.960000000000000142e+01,2.985883819091363733e+01
3.965000000000000568e+01,3.012564783712165450e+01
3.970000000000000284e+01,2.986502783673943995e+01
3.975000000000000000e+01,2.976443036915097906e+01
3.980000000000000426e+01,2.962167704585189654e+01
3.985000000000000142e+01,2.986689558614883211e+01
3.990000000000000568e+01,2.996033774278357242e+01
3.995000000000000284e+01,2.953234127853252744e+01
4.000000000000000000e+01,2.998829962340572663e+01
4.005000000000000426e+01,2.980449783555216570e+01
4.010000000000000142e+01,2.972852806143749405e+01
4.015000000000000568e+01,2.986195746437384102e+01
4.020000000000000284e+01,3.016594558266872284e+01
4.025000000000000000e+01,2.989750543783378234e+01
4.030000000000000426e+01,3.002193251120034034e+01
4.035000000000000142e+01,3.013466479193336767e+01
4.040000000000000568e+01,3.010319465307974696e+01
4.045000000000000284e+01,2.989515125149157271e+01
4.050000000000000000e+01,3.033063715994157050e+01
4.055000000000000426e+01,3.009272830135975241e+01
4.060000000000000142e+01,3.011423346566874315e+01
4.065000000000000568e+01,3.010099790896325445e+01
4.070000000000000284e+01,3.005199194063665047e+01
4.075000000000000000e+01,3.034464818938131359e+01
4.080000000000000426e+01,3.022311609366275320e+01
4.085000000000000142e+01,3.028843864348694481e+01
4.090000000000000568e+01,3.022518061616586849e+01
4.095000000000000284e+01,3.024336763931612282e+01
4.100000000000000000e+01,3.006549172573349082e+01
4.105000000000000426e+01,3.023882428830051339e+01
4.110000000000000142e+01,2.983494140066234834e+01
4.115000000000000568e+01,3.008501148718943341e+01
4.120000000000000284e+01,3.029355797853585130e+01
4.125000000000000000e+01,3.007190906527776164e+01
4.130000000000000426e+01,3.024731954764865449e+01
4.135000000000000142e+01,3.030770619028790591e+01
4.140000000000000568e+01,3.024699151665232577e+01
4.145000000000000284e+01,3.053696049156410197e+01
4.150000000000000000e+01,3.028290769956778661e+01
4.155000000000000426e+01,3.029509083183069862e+01
4.160000000000000142e+01,3.022401358122719373e+01
4.165000000000000568e+01,3.037299558504981789e+01
4.170000000000000284e+01,3.055132999502414748e+01
4.175000000000000000e+01,3.044601412322571576e+01
4.180000000000000426e+01,3.015951268086559978e+01
4.185000000000000142e+01,3.017108767743272324e+01
4.190000000000000568e+01,3.028005031689401605e+01
4.195000000000000284e+01,3.042201918859758436e+01
4.200000000000000000e+01,3.041736937588117229e+01
4.205000000000000426e+01,3.038818374574881886e+01
4.210000000000000142e+01,3.028409951757384277e+01
4.215000000000000568e+01,3.009098291710763817e+01
4.220000000000000284e+01,3.022818396209822467e+01
4.225000000000000000e+01,3.035979459674913983e+01
4.230000000000000426e+01,3.035194216227447583e+01
4.235000000000000142e+01,3.033052862289334328e+01
4.240000000000000568e+01,3.004228528383203312e+01
4.245000000000000284e+01,2.957299840301795868e+01
4.250000000000000000e+01,2.974109251846265423e+01
4.255000000000000426e+01,3.003516270897824469e+01
4.260000000000000142e+01,3.012802081642529473e+01
4.265000000000000568e+01,3.015956321035349319e+01
4.270000000000000284e+01,2.989359128221048678e+01
4.275000000000000000e+01,3.007220427337726321e+01
4.280000000000000426e+01,2.992358030998967422e+01
4.285000000000000142e+01,3.033955398684911842e+01
4.290000000000000568e+01,2.955515582041874012e+01
4.295000000000000284e+01,2.968832633190700676e+01
4.300000000000000000e+01,2.976342791528297127e+01
4.305000000000000426e+01,2.981060336256727794e+01
4.310000000000000142e+01,2.980103991775616024e+01
4.315000000000000568e+01,2.953827456677720775e+01
4.320000000000000284e+01,2.983373612707014289e+01
4.325000000000000000e+01,2.986469774771358487e+01
4.330000000000000426e+01,2.985552051300243548e+01
4.335000000000000142e+01,2.972010216466204113e+01
4.340000000000000568e+01,2.974762864549931152e+01
4.345000000000000284e+01,2.980298266457928591e+01
4.350000000000000000e+01,2.963075979086374900e+01
4.355000000000000426e+01,2.994232909643126206e+01
4.360000000000000142e+01,2.968961993140590394e+01
4.365000000000000568e+01,2.976579149798834578e+01
4.370000000000000284e+01,2.962892307202847419e+01
4.375000000000000000e+01,2.982757244277960140e+01
4.380000000000000426e+01,2.963554244811663096e+01
4.385000000000000142e+01,2.997285987435254384e+01
4.390000000000000568e+01,2.972739664474193333e+01
4.395000000000000284e+01,2.963432594478505422e+01
4.400000000000000000e+01,2.993108112075670135e+01
4.405000000000000426e+01,2.985493009321972480e+01
4.410000000000000142e+01,2.974482101508945320e+01
4.415000000000000568e+01,2.978848518782873001e+01
4.420000000000000284e+01,2.950946725907298074e+01
4.425000000000000000e+01,2.985443690489197621e+01
4.430000000000000426e+01,2.971096134231425623e+01
4.435000000000000142e+01,2.988701280636868418e+01
4.440000000000000568e+01,2.971363754601729923e+01
4.445000000000000284e+01,2.982116593907563384e+01
4.450000000000000000e+01,2.967492473088025307e+01
4.455000000000000426e+01,2.976049173184762964e+01
4.460000000000000142e+01,2.987488693261332884e+01
4.465000000000000568e+01,2.990130812738399513e+01
4.470000000000000284e+01,2.975649201549005340e+01
4.475000000000000000e+01,2.994815417017147752e+01
4.480000000000000426e+01,2.985364313755830423e+01
4.485000000000000142e+01,2.984903002620465173e+01
4.490000000000000568e+01,2.970912423208584130e+01
4.495000000000000284e+01,2.977834077674936708e+01
4.500000000000000000e+01,3.004606990394988131e+01
4.505000000000000426e+01,3.009493386896820510e+01
4.510000000000000142e+01,2.974015663656929576e+01
4.515000000000000568e+01,2.986645984922050090e+01
4.520000000000000284e+01,3.005112547132407030e+01
4.525000000000000000e+01,2.972873735019197028e+01
4.530000000000000426e+01,2.994691692230136937e+01
4.535000000000000142e+01,3.007845752194294420e+01
4.540000000000000568e+01,2.991930908311551818e+01
4.545000000000000284e+01,3.006173104217268133e+01
4.550000000000000000e+01,3.007460740949806066e+01
4.555000000000000426e+01,3.009417353120546323e+01
4.560000000000000142e+01,3.015315121041550128e+01
4.565000000000000568e+01,2.996470758449143545e+01
4.570000000000000284e+01,3.020146260812821737e+01
4.575000000000000000e+01,3.004695329378128577e+01
4.580000000000000426e+01,3.014613096299599704e+01
4.585000000000000142e+01,3.003261298553335479e+01
4.590000000000000568e+01,3.007666247214995892e+01
4.595000000000000284e+01,3.017855019428624175e+01
4.600000000000000000e+01,3.032751646770275045e+01
4.605000000000000426e+01,3.026825251991233756e+01
4.610000000000000142e+01,3.023678063740124244e+01
4.615000000000000568e+01,3.025795688197832334e+01
4.620000000000000284e+01,3.014502247891852349e+01
4.625000000000000000e+01,3.024021777312172432e+01
4.630000000000000426e+01,3.012336771411797542e+01
4.635000000000000142e+01,3.011179979147372876e+01
4.640000000000000568e+01,3.010394556559326062e+01
4.645000000000000284e+01,3.028638558586083462e+01
4.650000000000000000e+01,3.012978317276389362e+01
4.655000000000000426e+01,3.029593841431756474e+01
4.660000000000000142e+01,3.022089800904932844e+01
4.665000000000000568e+01,3.024013039180782769e+01
4.670000000000000284e+01,3.026373574940848954e+01
4.675000000000000000e+01,3.013205751980752822e+01
4.680000000000000426e+01,3.014568495702165052e+01
4.685000000000000142e+01,3.017775788658517300e+01
4.690000000000000568e+01,3.019205602468035465e+01
4.695000000000000284e+01,3.024993705097491059e+01
4.700000000000000000e+01,3.012703651697678708e+01
4.705000000000000426e+01,3.020517917703915955e+01
4.710000000000000142e+01,3.011420645731469037e+01
4.715000000000000568e+01,3.011618385373977702e+01
4.720000000000000284e+01,3.008329283942947185e+01
4.725000000000000000e+01,3.011415449054934257e+01
4.730000000000000426e+01,3.018872813540410149e+01
4.735000000000000142e+01,3.010901611980143855e+01
4.740000000000000568e+01,3.013955820359047522e+01
4.745000000000000284e+01,3.008691923313485006e+01
4.750000000000000000e+01,3.006242203452364592e+01
4.755000000000000426e+01,3.001183390855186062e+01
4.760000000000000142e+01,2.997311662495090090e+01
4.765000000000000568e+01,2.996403877114917336e+01
4.770000000000000284e+01,3.001328858586187209e+01
4.775000000000000000e+01,2.999791074473092678e+01
4.780000000000000426e+01,3.004872453348045980e+01
4.785000000000000142e+01,2.994242200958090905e+01
4.790000000000000568e+01,3.003193227536036147e+01
4.795000000000000284e+01,2.996952760834099294e+01
4.800000000000000000e+01,2.999658070422957223e+01
4.805000000000000426e+01,2.994406863492793391e+01
4.810000000000000142e+01,2.992842273110317208e+01
4.815000000000000568e+01,2.997089861665474686e+01
4.820000000000000284e+01,2.994004590678916244e+01
4.825000000000000000e+01,2.991858316322915812e+01
4.830000000000000426e+01,2.999160582295435873e+01
4.835000000000000142e+01,2.990015733581782698e+01
4.840000000000000568e+01,2.994224942407742063e+01
4.845000000000000284e+01,2.989035916435619811e+01
4.850000000000000000e+01,2.989586834467088039e+01
4.855000000000000426e+01,2.984516461327481807e+01
4.860000000000000142e+01,2.988536574951250913e+01
4.865000000000000568e+01,2.983644521225382107e+01
4.870000000000000284e+01,2.982097602046776430e+01
4.875000000000000000e+01,2.988455082738383695e+01
4.880000000000000426e+01,2.985610236789214511e+01
4.885000000000000142e+01,2.989274170562605093e+01
4.890000000000000568e+01,2.987748606358180226e+01
4.895000000000000284e+01,2.989656403113783867e+01
4.900000000000000000e+01,2.986276083713750751e+01
4.905000000000000426e+01,2.980003843154774401e+01
4.910000000000000142e+01,2.987478115988496086e+01
4.915000000000000568e+01,2.984212068547054741e+01
4.920000000000000284e+01,2.982437855885682509e+01
4.925000000000000000e+01,2.984256484595101000e+01
4.930000000000000426e+01,2.983862009859446474e+01
4.935000000000000142e+01,2.987989282279040992e+01
4.940000000000000568e+01,2.988500487980899223e+01
4.945000000000000284e+01,2.988961448207118821e+01
4.950000000000000000e+01,2.988032968340457529e+01
4.955000000000000426e+01,2.989809254249337300e+01
4.960000000000000142e+01,2.988265649934990265e+01
4.965000000000000568e+01,2.991237258405204003e+01
4.970000000000000284e+01,2.992393949467018288e+01
4.975000000000000000e+01,2.991883922279600228e+01
4.980000000000000426e+01,2.996540209499735496e+01
4.985000000000000142e+01,2.994060544166313065e+01
4.990000000000000568e+01,2.994173118409554846e+01
4.995000000000000284e+01,2.992503560693394959e+01
5.000000000000000000e+01,2.996980097937286303e+01
